insert into clinics (id, title, address, telephone)
values
    (1, 'Ветеринарная клиника 39 жизней', 'ул. Генерала Челнакова, д. 52, г. Калининград, Калининградская облать', '8 (401) 236-00-66'),
    (2, 'Ветеринарный кабинет', 'ул. Носова, д. 9, г. Калининград, Калининградская область', '8 (401) 777-88-99'),
    (3, 'VET-39', 'ул. Тургенева, д. 22А, г. Калининград, Калининградская область', '8 (401) 227-87-77'),
    (4, 'ВЕТГРАД39', 'ул. Озерная 16а, Калининград, Калининградская область', '8 (401) 787-57-47'),
    (5, 'ВЕТГРАД39', 'ул. Комсомольская, д. 17А, г. Калининград, Калининградская область', '8 (401) 111-24-36');

insert into WorkSchedules (id, title)
values
    (1, 'Круглосуточно'),
    (2, 'Ежедневно'),
    (3, 'По будням'),
    (4, 'По выходным'),
    (5, 'Понедельник'),
    (6, 'Вторник'),
    (7, 'Среда'),
    (8, 'Четверг'),
    (9, 'Пятница'),
    (10, 'Суббота'),
    (11, 'Воскресенье');

insert into clinictimetable (id, clinic_id, workSchedules_id, startTime, endTime)
values
    (1, 1, 1, '00:00', '00:00'),
    (2, 2, 1, '00:00', '00:00'),
    (3, 3, 5, '13:00','21:00'),
    (4, 3, 6,'13:00','21:00'),
    (5, 3, 7,'13:00','21:00'),
    (6, 3, 9,'13:00','21:00'),
    (7, 3, 10,'13:00','21:00'),
    (8, 3, 11,'13:00','21:00'),
    (9, 4, 2,'09:00','21:00'),
    (10, 5, 1,'00:00','00:00');

insert into doctortimetable (id, doctor_id, clinic_id, workSchedules_id, startTime, endTime, continuance)
values
    (1, 1, 1, 5, '8:00', '20:00', '00:15'),
    (2, 1, 2, 5, '8:00', '20:00', '00:15'),
    (3, 1, 3, 7, '8:00', '20:00', '00:15'),
    (4, 1, 4, 8, '8:00', '20:00', '00:15'),
    (5, 1, 5, 9, '8:00', '20:00', '00:15'),
    (6, 2, 1, 5, '10:00', '18:00', '00:10'),
    (7, 2, 1, 6, '10:00', '18:00', '00:10'),
    (8, 2, 1, 7, '10:00', '18:00', '00:10'),
    (9, 2, 2, 8, '12:00', '16:00', '00:10'),
    (10, 2, 2, 9, '12:00', '16:00', '00:10'),
    (11, 2, 2, 10, '14:00', '20:00', '00:10'),
    (12, 3, 4, 6, '8:00', '19:00', '0:15'),
    (13, 3, 4, 7, '8:00', '19:00', '0:15'),
    (14, 3, 4, 9, '8:00', '19:00', '0:15'),
    (15, 3, 4, 10, '8:00', '19:00', '0:15'),
    (16, 3, 4, 11, '8:00', '19:00', '0:15'),
    (17, 4, 1, 5, '8:00', '20:00', '0:20'),
    (18, 4, 1, 7, '8:00', '20:00', '0:20'),
    (19, 4, 2, 6, '8:00', '20:00', '0:20'),
    (20, 4, 2, 8, '8:00', '20:00', '0:20'),
    (21, 4, 3, 9, '8:00', '20:00', '0:20'),
    (22, 4, 3, 10, '8:00', '16:00', '0:20'),
    (23, 5, 1, 5, '8:00', '16:00', '0:10'),
    (24, 5, 1, 6, '8:00', '16:00', '0:10'),
    (25, 5, 1, 7, '8:00', '16:00', '0:10'),
    (26, 5, 1, 10, '8:00', '16:00', '0:10'),
    (27, 5, 1, 11, '8:00', '16:00', '0:10'),
    (28, 6, 5, 5, '10:00', '21:00', '0:15'),
    (29, 6, 5, 7, '10:00', '21:00', '0:15'),
    (30, 6, 5, 9, '10:00', '19:00', '0:15'),
    (31, 6, 5, 11, '10:00', '17:00', '0:15'),
    (32, 7, 1, 5, '11:00', '20:00', '0:15'),
    (33, 7, 1, 6, '11:00', '20:00', '0:15'),
    (34, 7, 1, 7, '11:00', '20:00', '0:15'),
    (35, 7, 2, 8, '11:00', '20:00', '0:15'),
    (36, 7, 2, 9, '11:00', '20:00', '0:15'),
    (37, 7, 2, 10, '11:00', '20:00', '0:15'),
    (38, 7, 1, 11, '11:00', '20:00', '0:15'),
    (39, 8, 3, 6, '9:00', '00:00', '0:20'),
    (40, 8, 3, 7, '9:00', '00:00', '0:20'),
    (41, 8, 3, 8, '9:00', '00:00', '0:20'),
    (42, 8, 4, 9, '9:00', '00:00', '0:20'),
    (43, 8, 4, 10, '9:00', '00:00', '0:20'),
    (44, 8, 4, 11, '9:00', '00:00', '0:20'),
    (45, 9, 5, 5, '9:00', '20:00', '0:10'),
    (46, 9, 5, 7, '9:00', '20:00', '0:10'),
    (47, 9, 5, 8, '9:00', '20:00', '0:10'),
    (48, 9, 5, 10, '8:00', '19:00', '0:10'),
    (49, 9, 5, 11, '8:00', '19:00', '0:10'),
    (50, 10, 1, 5, '8:00', '20:00', '0:15'),
    (51, 10, 1, 6, '8:00', '20:00', '0:15'),
    (52, 10, 1, 8, '8:00', '20:00', '0:15'),
    (53, 10, 1, 9, '8:00', '20:00', '0:15'),
    (54, 11, 2, 5, '12:00', '02:00', '0:20'),
    (55, 11, 2, 6, '12:00', '02:00', '0:20'),
    (56, 11, 2, 8, '12:00', '02:00', '0:20'),
    (57, 11, 2, 10, '12:00', '02:00', '0:20'),
    (58, 11, 2, 11, '12:00', '02:00', '0:20');