insert into ServiceType (title, alias)
values ('прием врачей', 'priyem-vrachey'),
       ('анализы', 'analizy'),
       ('справки', 'spravki'),
       ('прививки', 'privivki');

insert into services (id, title, description, type_id, cost)
values
    (1,'Взятие крови 1 кат. (без стоимости расходных материалов)','',2,450),
    (2,'Взятие крови 2 категория','',2,600),
    (3,'Внутривенное введение препарата капельно 1 (первый) час ','',1,800),
    (4,'Внутривенное введение препарата капельно (каждый последующий час)','',1,400),
    (5,'Внутривенная инфузия с постоянной скоростью (ИПС, инфузомат) за 1 час','',1,400),
    (6,'Внутривенная инфузия с постоянной скоростью (ИПС, инфузомат) за 3-6 ч.','',1,1200),
    (7,'Внутривенная инфузия с постоянной скоростью (ИПС, инфузомат) за 6-12 ч.','',1,2200),
    (8,'Взятие крови при постановке внутривенного катетера 1 кат.','',2,800),
    (9,'Взятие крови при постановке внутривенного катетера 2 кат.','',2,1050),
    (10,'Взятие крови у донора 1 кат.','',1,800),
    (11,'Взятие крови у донора 2 кат.','',1,1300),
    (12,'Взятие крови у донора 3 кат.','',1,1800),
    (13,'Взятие жидкости из грудной, брюшной полости для лабораторного исследования/диагностическая пункция','',2,500),
    (14,'Взятие материала для ПЦР диагностики (смывы с глаз, с прямой кишки, с влаг-ща, отбор цит. мат)','',2,350),
    (15,'Взятие периферической крови на мазок','',2,300),
    (16,'Взятие соскобов\мазков','',2,350),
    (17,'Взятие цитологии','',2,500),
    (18,'Взятие цитологии (при осмотре дерматолога)','',2,350),
    (19,'Аспирация воздуха/жидкости из грудной/брюшной полости 1 категория','',2,700),
    (20,'Аспирация воздуха/жидкости из грудной/брюшной полости 2 категория','',2,1300),
    (21,'Аспирация воздуха/жидкости из грудной/брюшной полости 3 категория','',2,2000),
    (22,'Вакцинация кошки\собаки в зависимости от вида вакцины ОТ','',4,1250),
    (23,'Вакцинация кошки\собаки в зависимости от вида вакцины ДО','',4,2150),
    (24,'Проведение профилактического клинического осмотра животного и постановка отметки в ветеринарном паспорте для транспортировки','',3,1200),
    (25,'Вакцинация (включает осмотр и введение вакцины без стоимости препаратов и расходных материалов)','',4,790),
    (26,'Гос. регистрация/перерегистрация животного при вакцинации','',3,210),
    (27,'Постановка отметки в ветеринарном паспорте животного о дегельминтизации и дезинсекции','',4,70),
    (28,'Кастрация кота (цена с учетом медикаментов)','',1,2200),
    (29,'Кастрация кота крипторха (брюшная полость)','',1,4900),
    (30,'Кастрация кота крипторха (пах)','',1,3500),
    (31,'Кастрация кошки (цена с учетом медикаментов)','',1,3500),
    (32,'Кастрация кошки с наложением косметических швов, не требующих снятия (цена с учетом медикаментов)','',1,4500),
    (33,'Кастрация кошки с удалением матки без патологии (стоимость с медикаментами)','',1,5500),
    (34,'Кастрация кобеля (до 5 кг.)','',1,4500),
    (35,'Кастрация кобеля (5—10 кг.)','',1,5500),
    (36,'Кастрация кобеля (10—20 кг.)','',1,6500),
    (37,'Кастрация кобеля (20—40 кг.)','',1,7500),
    (38,'Кастрация кобеля (от 40 кг.)','',1,8500),
    (39,'Кастрация кобеля крипторха (пах) до 5 кг','',1,5000),
    (40,'Кастрация кобеля крипторха (пах) 5-10 кг','',1,6000),
    (41,'Кастрация кобеля крипторха (пах) 10-20 кг','',1,7000),
    (42,'Кастрация кобеля крипторха (пах) 20-40 кг','',1,8000),
    (43,'Кастрация кобеля крипторха (пах) от 40 кг','',1,9000),
    (44,'Кастрация суки, кобеля крипторха (брюшная полость) до 5 кг','',1,5500),
    (45,'Кастрация суки, кобеля крипторха (брюшная полость) 5-10 кг','',1,6500),
    (46,'Кастрация суки, кобеля крипторха (брюшная полость) 10-20 кг','',1,8000),
    (47,'Кастрация суки, кобеля крипторха (брюшная полость) 20-40 кг','',1,9000),
    (48,'Кастрация суки, кобеля крипторха (брюшная полость) от 40 кг','',1,11000),
    (49,'УЗИ гол. мозга, щит. железы, глаза, надпочечников','',2,1500),
    (50,'УЗИ брюшной полости (с исследованием желудка и кишечника)','',2,3200),
    (51,'УЗИ одного органа','',2,1200),
    (52,'УЗИ органов малого таза при беременности','',2,1500),
    (53,'УЗИ малого таза','',2,1800),
    (54,'УЗИ желудочно-кишечного тракта (желудок, кишечник)','',2,1800),
    (55,'УЗИ грудной\брюшной полости (A-FAST\T-FAST) 1кат.','',2,500),
    (56,'Скрининговое ЭХО предоперационное','',2,1100),
    (57,'УЗИ брюшной полости (без исследования желудка и кишечника)','',2,2400),
    (58,'Анализ кала на яйца глистов','',2,600),
    (59,'Анализ мочи (общий клинический)','',2,600),
    (60,'Анестезиологический БХ профиль (9 показателей)','',2,950),
    (61,'Печеночный БХ профиль (15 показателей)','',2,1500),
    (62,'Почечный БХ профиль (10 показателей)','',2,1050),
    (63,'Белок в моче','',2,150),
    (64,'Белок, креатининовый индекс в моче','',2,450),
    (65,'Биохимический анализ крови (14 показателей)','',2,1500),
    (66,'Взятие крови (без стоимости расходных материалов)','',2,400),
    (67,'Гистология цитовет','',2,3100),
    (68,'Гормоны 1 показатель (Т3, Т4, fT4, Кортизол, Прогестерон, Эстрадиол, Тестостерон)','',2,950),
    (69,'Диагостика вирусной инфекции при помощи экспресс-теста (без стоимости теста)','',2,190),
    (70,'Доп. показатели клинический анализ крови (гематокрит, тромбоциты)','',2,300),
    (71,'Дополнительный Биохимический анализ (1 показатель)','',2,250),
    (72,'Исследование мазков капиллярной крови на кровепаразитов','',2,700),
    (73,'Исследование отделяемого из ушей (с окраской)','',2,700),
    (74,'Ретикулоциты','',2,400),
    (75,'Клинический анализ кала (флотационные методы диагностирования, органолептическое исследования, микроскопические исследования)','',2,700),
    (76,'Клинический анализ крови (развернутый)','',2,950),
    (77,'Клинический анализ крови (сокращенный)','',2,450),
    (78,'Кольпоцитограмма (Влагалищный мазок на флору )','',2,800),
    (79,'Микологическое исследование (посев на грибы), выделение дерматофитов','',2,1200),
    (80,'Микроскопическое исследование на паразитов','',2,500),
    (81,'Микроскопия соскоба без окрашивания','',2,500),
    (82,'Определение времени свертываемости крови','',2,250),
    (83,'Отбор материалов для ПЦР диагностики (смывы с глаз, с прямой кишки, с влагалища, отбор цитологического материала) лабораторными методами','',2,300),
    (84,'Отбор проб на цитологическое исследование','',2,500),
    (85,'Соотношение кортизол / креатинин (мочи)','',2,950),
    (86,'Срочное исследование на прогестерон (ответ в течение суток)','',2,1300),
    (87,'Трихоскопия (исследование волоса), включая трихотограмму','',2,650),
    (88,'ТТГ собак','',2,1350),
    (99,'Цитологическое исследование 1кат. (кожа, моча, кал, вагинальные мазки, желчь)','',2,900),
    (100,'Цитологическое исследование 2кат. (синовиальная жидкость, ликвор, бронхиальный лаваж)','',2,1200),
    (101,'Цитологическое исследование 3 кат. ( выпот, новообразования, внутренние органы, лимфоузлы)','',2,1400),
    (102,'Экспресс анализ крови клинический развернутый (ответ в течение часа)','',2,1200),
    (103,'Дексаметазоновый тест (3 исследования кортизола)','',2,2500),
    (104,'Экспресс анализ мочи (ответ в течении часа)','',2,1000),
    (105,'Электролиты крови (7 показателей)','',2,550),
    (106,'Скрининговая ЭхоКГ предоперационная','',2,1100),
    (107,'Стационар, 12 часов (грызуны)','',1,250),
    (108,'Стационар, 12 часов (кошки, собаки, до 5 кг.)','',1,600),
    (109,'Стационар, 12 часов (собака, до 9 кг.)','',1,700),
    (110,'Стационар, 12 часов (собака, 10—29 кг.)','',1,800),
    (111,'Стационар, 12 часов (собака, 30—39 кг.)','',1,900),
    (112,'Стационар, 12 часов (собака, от 40 кг.)','',1,1000),
    (113,'Механическое снятие зубного камня, налета (1 зуб)','',1,200),
    (114,'Санация ротовой полости 1 кат.','',1,2500),
    (115,'Санация ротовой полости 2 кат.','',1,3500),
    (116,'Санация ротовой полости 3 кат.','',1,4000),
    (117,'Санация ротовой полости 4 кат.','',1,4500),
    (118,'Санация ротовой полости 5 кат.','',1,5500),
    (119,'Гингивоэктомия','',1,1500),
    (120,'Оперативное лечение ороназальной фистулы','',1,1500),
    (121,'Удаление коренного зуба при парадонтозе (1 категория)','',1,300),
    (122,'Удаление коренного зуба при парадонтозе (2 категория)','',1,400),
    (123,'Удаление молочного зуба, клыка (1 категория)','',1,700),
    (124,'Удаление молочного зуба, клыка (2 категория)','',1,1000),
    (125,'Удаление молочного зуба, клыка (3 категория)','',1,1300),
    (126,'Удаление молочного зуба, не клыка (1 категория)','',1,300),
    (127,'Удаление молочного зуба, не клыка (2 категория)','',1,550),
    (128,'Удаление мол. зуба (не клыка) 3 кат.','',1,800),
    (129,'Удаление постоянных зубов 1 кат.','',1,600),
    (130,'Удаление постоянных зубов 2 кат.','',1,1000),
    (131,'Удаление постоянных зубов 3 кат.','',1,1500),
    (132,'Удаление постоянных зубов 4 кат.','',1,2000),
    (133,'Удаление постоянных зубов 5 кат.','',1,2500),
    (134,'Гингивопластика (ушивание десны с пластикой) 1 категория','',1,1000),
    (135,'Гингивопластика (ушивание десны с пластикой) 2 категория','',1,2000),
    (136,'Гингивопластика (ушивание десны с пластикой) 3 категория','',1,3000),
    (137,'Первичный прием офтальмолога','',1,1650),
    (138,'Повторный прием офтальмолога','',1,1250),
    (139,'Измерение внутриглазного давления (1 глаз)','',2,200),
    (140,'Наружная обработка глаза (1 категория)','',1,100),
    (141,'Наружная обработка глаза (2 категория)','',1,200),
    (142,'Офтальмоскопия (1 глаз)','',1,250),
    (143,'Офтальмоскопия (2 глаза)','',1,450),
    (144,'Пластика век простая (3 категория)','',1,3000),
    (145,'Тест Джонса (2 глаза)','',1,400),
    (146,'Тест Ширмера (с учетом тест полоски)','',1,400),
    (147,'Удаление инородного тела коньюнктивы (1 глаз), цена без медикаментов','',1,550),
    (148,'Удаление инородного тела роговицы (1 глаз), цена без медикаментов','',1,1100),
    (149,'УЗИ глазного яблока (цена без медикаментов)','',2,900),
    (150,'Флуоресциновый тест (1 глаз с учетом тест-полоски)','',1,200),
    (151,'Энуклеация глазного яблока (кошка, собака до 10 кг.)','',1,3500),
    (152,'Энуклеация глазного яблока с патологией (собака, 10—40 кг.)','',1,5500),
    (153,'Энуклеация глазного яблока, с патологией (кошка, собака, до 10 кг.)','',1,4500),
    (154,'Энуклеация глазного яблока, с патологией (собака, от 40 кг.)','',1,6500),
    (155,'Энуклеация глазного яблока (собака, 10—40 кг.)','',1,4500),
    (156,'Энуклеация глазного яблока (собака, от 40 кг.), цена без медикаментов','',1,5500),
    (157,'Первичный прием дерматолога','',1,1650),
    (158,'Повторный прием дерматолога','',1,1250),
    (159,'Чипирование (общая стоимость)','',4,975),
    (160,'Электронное мечение животного (микрочипирование), без стоимости регистрации в паспорте домашнего животного и стоимости чипа','',4,450),
    (161,'Рентгенография (1 проекция)','',2,1000),
    (162,'Рентгенография (2 проекции)','',2,1800),
    (163,'Рентгенологическое исследование на дисплазию ТБС (без заключения)','',2,4000),
    (164,'Фиксация животного при рентгенографии (1 снимок)','',2,500),
    (165,'Заключение по рентгеновскому снимку','',1,500),
    (166,'Первичный прием онколога','',1,1650),
    (167,'Повторный прием онколога','',1,1250),
    (168,'Взятие цитологии','',2,500),
    (169,'Мастэктомия унилатеральная (кошка)','',1,6500),
    (170,'Мастэктомия унилатеральная (собака, до 10 кг.)','',1,7500),
    (171,'Мастэктомия унилатеральная (собака, 10—30 кг.)','',1,9000),
    (172,'Мастэктомия унилатеральная (собака, 30—50 кг.)','',1,10500),
    (173,'Мастэктомия унилатеральная (собака, от 50 кг.)','',1,12500),
    (174,'Удаление опухоли малой (1 категория), цена без медикаментов','',1,1300),
    (175,'Удаление опухоли малой (2 категория), цена без медикаментов','',1,2300),
    (176,'Удаление опухоли средней (1 категория), цена без медикаментов','',1,3500),
    (177,'Удаление опухоли средней (2 категория), цена без медикаментов','',1,4500),
    (178,'Удаление опухоли большой (1 категория), цена без медикаментов','',1,6000),
    (179,'Удаление опухоли большой (2 категория), цена без медикаментов','',1,9000),
    (180,'Химиотерапия болюсная (кошка): постановка катетера, расчёт дозы препаратов, приготовление препаратов, премедикация','',1,1400),
    (181,'Химиотерапия болюсная (собака): постановка катетера, расчёт дозы препаратов, приготовление препаратов, премедикация','',1,1650),
    (182,'Химиотерапия инфузионная (кошка, 1 категория): постановка катетера, расчёт дозы препаратов, приготовление препаратов, премедикация','',1,1800),
    (183,'Химиотерапия инфузионная (собака, 1 категория): постановка катетера, расчёт дозы препаратов, приготовление препаратов, премедикация','',1,2550),
    (184,'Химиотерапия инфузионная (2 категория): постановка катетера, расчёт дозы препаратов, приготовление препаратов, премедикация','',1,3200),
    (185,'Химиотерапия-внутриплевральная с аспирацией жидкости: постановка катетера, расчёт дозы препаратов, приготовление препаратов','',1,2800),
    (186,'Химиотерапия-внутрипузырная: постановка катетера, расчёт дозы препаратов, приготовление препаратов, премедикация','',1,1650),
    (187,'УЗИ одного органа грызунам (морским свинкам,шиншиллам,крысам)','',2,600),
    (188,'УЗИ брюшной полости (без ис-ния желудка и кишечника) грызунам (морским свинкам,шиншиллам,крысам)','',2,1400),
    (189,'Анестезия (грызуны, зайцеобразные, 1 категория)','',1,800),
    (190,'Анестезия (грызуны, зайцеобразные, 2 категория)','',1,1600),
    (191,'Гигиеническая стрижка кролика (1 категория)','',1,1000),
    (192,'Гигиеническая стрижка кролика (2 категория)','',1,1500),
    (193,'Дентальное обследование у грызунов без коррекции (под седацией)','',1,1000),
    (194,'Кастрация кролика, хорька (самец)','',1,1700),
    (195,'Кастрация кролика, хорька (самка)','',1,3200),
    (196,'Кастрация крысы (самка)','',1,2000),
    (197,'Кастрация крысы (самца), хомяка(самца)','',1,1000),
    (198,'Кастрация морская свинка, шиншилла (самка)','',1,2500),
    (199,'Кастрация морская свинка. шиншилла (самец)','',1,1300),
    (200,'Коррекция резцов: кролики, морские свинки, шиншиллы','',1,700),
    (201,'Первичный прием специалиста по грызунам','',1,1000),
    (202,'Повторный прием специалиста по грызунам','',1,800),
    (203,'Скотч-тест на выявление паразитов','',1,400),
    (204,'Стрижка когтей: кролики, морские свинки, шиншиллы','',1,400),
    (205,'Удаление параанальных желез у хорька (цена без медикаментов)','',1,3150);

insert into DoctorsCategories (id, title)
values
    (1, 'Ветеринарный врач II категории'),
    (2, 'Ветеринарный врач I категории'),
    (3, 'Ведущий ветеринарный врач'),
    (4, 'Главный ветеринарный врач');

insert into Doctors (id, surname, name, patronymic, experience, category_id, allowanceAmount)
values
    (1, 'Иванов', 'Иван', 'Иванович', 10, 1, 100),
    (2, 'Нецуйко', 'Алексей', 'Игоревич', 5, 3, 200),
    (3, 'Вайт', 'Светлана', 'Анатольевна', 20, 4, 250),
    (4, 'Наливайко', 'Степан', 'Валентинович', 40, 3, 300),
    (5, 'Крылов', 'Артем', 'Валерьевич', 10, 2, 100),
    (6, 'Горшков', 'Дмитрий', 'Александрович', 25, 3, 250),
    (7, 'Ли', 'Чженьфань', '', 25, 1, 100),
    (8, 'Грачов', 'Алексей', 'Михайлович', 30, 1, 250),
    (9, 'Снигерев', 'Константин', 'Дмитриевич', 0, 1, 0),
    (10, 'Горшкова','Елена','Владимировна', 10, 2, 150),
    (11, 'Куропаткина', 'Анастасия', 'Денисовна', 0, 1, 0);

insert into DoctorSpeciality (id, title)
values
    (1, 'Хирург'),
    (2, 'Эндокринолог'),
    (3, 'Онколог'),
    (4, 'Кардиолог'),
    (5, 'Дерматолог'),
    (6, 'Экзотолог'),
    (7, 'Герпетолог'),
    (8, 'Орнитолог'),
    (9, 'Гомеопат'),
    (10, 'Терапевт'),
    (11, 'Анестезиолог'),
    (12, 'УЗИ-диагностика');

insert into doctor_speciality (doctor_id, speciality_id)
values
    (1, 12),
    (1, 1),
    (2, 2),
    (3, 1),
    (3, 3),
    (3, 10),
    (4, 11),
    (4, 10),
    (5, 5),
    (5, 6),
    (6, 7),
    (6, 8),
    (7, 1),
    (7, 10),
    (8, 1),
    (8, 10),
    (9, 10),
    (10, 10),
    (10, 12),
    (11, 4);

insert into ProfEducationLevels (id, title)
values (1, 'базовое образование'),
       (2, 'повышение квалификации'),
       (3, 'интернатура');

insert into valueofprofeducationlevels (id, level_id, value)
values
    (1, 2, 'Санкт-Петербургский государственный университет ветеринарной медицины'),
    (2, 1, 'Факультет ветеринарной медицины Одесского государственного аграрного университета'),
    (3, 3, 'Двухнедельная стажировка по ветеринарной дерматологии у Кузнецовой Е.С. в ветеринарной клинике «Белый клык» г.Москва.'),
    (4, 2, 'Международный семинар-тренинг по дерматологии домашних животных на базе Национального аграрного университета в г.Киев.'),
    (5, 2, 'Обучение на 2 научно-практическом международном семинаре тренинге по дерматологии домашних животных (углубленная программа) на базе Национального аграрного университета в г.Киев.'),
    (6, 1, 'Школа ветеринарной дерматологии Светланы Беловой'),
    (7, 1, 'Вятская государственная сельскохозяйственная академия, г. Киров'),
    (8, 1, 'Одесское базовое медицинское училище № 1'),
    (9, 2, 'Одесский Государственный Университет им. Мечникова'),
    (10, 1, 'Сумской национальный аграрный университет по специальности врач ветеринарной медицины'),
    (11, 2, 'Курс обучения Школа УЗИ "от А до Я" с Марией Лопатиной.'),
    (12, 1, 'Санкт-Петербургская академия ветеринарной медицины'),
    (13, 1, 'Мастер садово-паркового и ландшафтного строительства'),
    (14, 1, 'Мордовский государственный университет имени Н. П. Огарёва'),
    (15, 1, 'Аграрный институт');

insert into clinics (id, title, address, telephone)
values
    (1, 'Ветеринарная клиника 39 жизней', 'ул. Генерала Челнакова, д. 52, г. Калининград, Калининградская облать', '8 (401) 236-00-66'),
    (2, 'Ветеринарный кабинет', 'ул. Носова, д. 9, г. Калининград, Калининградская область', '8 (401) 777-88-99'),
    (3, 'VET-39', 'ул. Тургенева, д. 22А, г. Калининград, Калининградская область', '8 (401) 227-87-77'),
    (4, 'ВЕТГРАД39', 'ул. Озерная 16а, Калининград, Калининградская область', '8 (401) 787-57-47'),
    (5, 'ВЕТГРАД39', 'ул. Комсомольская, д. 17А, г. Калининград, Калининградская область', '8 (401) 111-24-36');

insert into WorkSchedules (id, title)
values
    (1, 'Круглосуточно'),
    (2, 'Ежедневно'),
    (3, 'По будням'),
    (4, 'По выходным'),
    (5, 'Понедельник'),
    (6, 'Вторник'),
    (7, 'Среда'),
    (8, 'Четверг'),
    (9, 'Пятница'),
    (10, 'Суббота'),
    (11, 'Воскресенье');

insert into clinictimetable (id, clinic_id, workSchedules_id, startTime, endTime)
values
    (1, 1, 1, '00:00', '00:00'),
    (2, 2, 1, '00:00', '00:00'),
    (3, 3, 5, '13:00','21:00'),
    (4, 3, 6,'13:00','21:00'),
    (5, 3, 7,'13:00','21:00'),
    (6, 3, 9,'13:00','21:00'),
    (7, 3, 10,'13:00','21:00'),
    (8, 3, 11,'13:00','21:00'),
    (9, 4, 2,'09:00','21:00'),
    (10, 5, 1,'00:00','00:00');

insert into doctortimetable (id, doctor_id, clinic_id, workSchedules_id, startTime, endTime, continuance)
values
    (1, 1, 1, 5, '8:00', '20:00', '00:15'),
    (2, 1, 2, 5, '8:00', '20:00', '00:15'),
    (3, 1, 3, 7, '8:00', '20:00', '00:15'),
    (4, 1, 4, 8, '8:00', '20:00', '00:15'),
    (5, 1, 5, 9, '8:00', '20:00', '00:15'),
    (6, 2, 1, 5, '10:00', '18:00', '00:10'),
    (7, 2, 1, 6, '10:00', '18:00', '00:10'),
    (8, 2, 1, 7, '10:00', '18:00', '00:10'),
    (9, 2, 2, 8, '12:00', '16:00', '00:10'),
    (10, 2, 2, 9, '12:00', '16:00', '00:10'),
    (11, 2, 2, 10, '14:00', '20:00', '00:10'),
    (12, 3, 4, 6, '8:00', '19:00', '0:15'),
    (13, 3, 4, 7, '8:00', '19:00', '0:15'),
    (14, 3, 4, 9, '8:00', '19:00', '0:15'),
    (15, 3, 4, 10, '8:00', '19:00', '0:15'),
    (16, 3, 4, 11, '8:00', '19:00', '0:15'),
    (17, 4, 1, 5, '8:00', '20:00', '0:20'),
    (18, 4, 1, 7, '8:00', '20:00', '0:20'),
    (19, 4, 2, 6, '8:00', '20:00', '0:20'),
    (20, 4, 2, 8, '8:00', '20:00', '0:20'),
    (21, 4, 3, 9, '8:00', '20:00', '0:20'),
    (22, 4, 3, 10, '8:00', '16:00', '0:20'),
    (23, 5, 1, 5, '8:00', '16:00', '0:10'),
    (24, 5, 1, 6, '8:00', '16:00', '0:10'),
    (25, 5, 1, 7, '8:00', '16:00', '0:10'),
    (26, 5, 1, 10, '8:00', '16:00', '0:10'),
    (27, 5, 1, 11, '8:00', '16:00', '0:10'),
    (28, 6, 5, 5, '10:00', '21:00', '0:15'),
    (29, 6, 5, 7, '10:00', '21:00', '0:15'),
    (30, 6, 5, 9, '10:00', '19:00', '0:15'),
    (31, 6, 5, 11, '10:00', '17:00', '0:15'),
    (32, 7, 1, 5, '11:00', '20:00', '0:15'),
    (33, 7, 1, 6, '11:00', '20:00', '0:15'),
    (34, 7, 1, 7, '11:00', '20:00', '0:15'),
    (35, 7, 2, 8, '11:00', '20:00', '0:15'),
    (36, 7, 2, 9, '11:00', '20:00', '0:15'),
    (37, 7, 2, 10, '11:00', '20:00', '0:15'),
    (38, 7, 1, 11, '11:00', '20:00', '0:15'),
    (39, 8, 3, 6, '9:00', '00:00', '0:20'),
    (40, 8, 3, 7, '9:00', '00:00', '0:20'),
    (41, 8, 3, 8, '9:00', '00:00', '0:20'),
    (42, 8, 4, 9, '9:00', '00:00', '0:20'),
    (43, 8, 4, 10, '9:00', '00:00', '0:20'),
    (44, 8, 4, 11, '9:00', '00:00', '0:20'),
    (45, 9, 5, 5, '9:00', '20:00', '0:10'),
    (46, 9, 5, 7, '9:00', '20:00', '0:10'),
    (47, 9, 5, 8, '9:00', '20:00', '0:10'),
    (48, 9, 5, 10, '8:00', '19:00', '0:10'),
    (49, 9, 5, 11, '8:00', '19:00', '0:10'),
    (50, 10, 1, 5, '8:00', '20:00', '0:15'),
    (51, 10, 1, 6, '8:00', '20:00', '0:15'),
    (52, 10, 1, 8, '8:00', '20:00', '0:15'),
    (53, 10, 1, 9, '8:00', '20:00', '0:15'),
    (54, 11, 2, 5, '12:00', '02:00', '0:20'),
    (55, 11, 2, 6, '12:00', '02:00', '0:20'),
    (56, 11, 2, 8, '12:00', '02:00', '0:20'),
    (57, 11, 2, 10, '12:00', '02:00', '0:20'),
    (58, 11, 2, 11, '12:00', '02:00', '0:20');

